StudentID,Name,Age,gender,Attendance,AssignmentScore,QuizScore,MidtermScore,FinalExamScore,Gender,Remarks
373,Donna Bell,16,F,61.469277497064546,86.35736364696295,49.35091834083772,61.09396600935759,79.89967097426643,,Discussion moment own although central weight.
312,Victoria Howard,17,F,81.210605305396,71.3488624309671,42.8110810964309,76.13891149409822,96.4763468945111,,Large success rather long affect own single.
51,Mr. Vincent Anderson MD,18,f,81.59442548451347,84.94969834607699,76.10845023452106,52.65196970881759,50.818476125366686,,Race yes while writer evening Republican senior.
26,Miranda Clark,17,Female,81.71397242453637,51.12753248059926,43.2786393722274,82.94177369103375,94.38525783486621,,Significant heavy modern fine.
268,David Taylor,15,Female,98.70797552828346,66.66516716507209,45.76565915879428,71.57626043645205,82.8646458175959,,Local important board above truth yeah.
178,Michael Long,15,m,64.91107558650835,62.76151539534543,89.36334537915403,86.46181685198752,71.92130073905511,,Very side commercial gas.
72,Kevin Barnes,19,Female,83.71851621035286,42.4710097167563,82.2345080237287,38.21729547708833,50.56572827983568,,Citizen nice law tough in seek according soldier.
435,Jennifer Riley,18,f,78.61880035079935,56.78221230828875,43.38822925402107,59.12550496107322,70.00480709629495,,East field realize quality week day organization.
307,Karen Mckenzie,15,Male,86.00669401772913,45.37758034929653,43.383349102535234,99.65216170139986,86.8597536168995,,Cut phone tell week.
277,Brandon Morton,19,M,63.46820847448734,90.83004168235445,49.300389716688656,74.13760404806067,70.09092768878403,,Wide network subject can voice animal let.
386,Shelby Cummings,15,F,95.89744592184815,56.26884619001109,65.49357727058087,72.91232365784795,72.81255795256268,,Own participant radio study television scientist.
451,Thomas Huffman,17,Female,60.362896186109,52.71894945413431,99.42198320174872,40.54718687148112,87.19134294345082,,Information most current know.
1,Amanda Smith,18,f,61.92378575856351,91.44160552554992,78.41326388985235,71.86610069476006,49.13966713976073,,Pretty southern town which.
411,Judy Khan,16,f,95.7791972387227,62.9515768146405,87.60709123550402,91.90822972592005,63.8468894139455,,You glass professor husband attorney left.
294,Michelle Wallace,18,Male,78.92840472325334,97.27960180199844,46.57490165179698,95.4017308704699,76.3302859969526,,Argue wide single show.
2,Michele Harris,19,Female,91.2605792700566,-16.38395870497662,73.26361720010303,53.448849056528815,93.9673127527661,,
432,Jennifer Prince,15,f,67.56886159140024,54.343319931835936,59.408310949340745,70.88450870246956,48.66325792802003,,Include often during cost participant strong.
327,Christine Fowler,17,m,67.4189163830689,40.15504089069894,89.28431096619919,70.69347185801622,71.0073963476895,,Place bit room collection expect might toward.
61,Lisa Jackson,16,m,98.36299178256111,44.34497632878049,57.044423689382086,50.5256829261253,63.51149778454473,male,Woman peace most report.
133,Rachael Vasquez,18,Male,75.10903789760677,87.57736567633789,45.47443600176099,69.4494489902172,85.10633038234559,,Drop administration question nature detail.
216,Elizabeth Blair,17,f,79.92363014044022,49.74291367973925,40.42998153044704,66.06209912144575,68.91204875647699,,Tough and note now.
82,Jared Boyd,15,F,64.16987864207238,96.84102775786232,95.9620772771235,88.08434140429668,98.02316088556209,,Write truth page drug book tree.
4,Melanie Avila,200,f,90.02007699061254,66.53792574285461,46.02262233926295,39.825656744245116,96.24270628985924,,Spring send cost form above economy talk.
32,Eric James MD,18,m,95.14516461493753,73.50476035499187,34.52316758908603,36.63422728802273,83.49887019544315,,Institution thank blood main spend.
342,Jennifer Perez,18,Male,89.29087228738581,80.28548017183687,64.80791512202816,48.722310625798855,78.49791452964126,,Summer space catch better position nice provide.
126,Matthew Carlson,18,M,72.39747705074444,72.5980314017973,99.4690780342629,67.63998464752915,64.93623375444012,,Campaign my measure who.
248,Joseph Lewis,15,m,65.40005109684827,46.546577905944986,71.05353645320949,73.54594252343884,70.40035893896474,,Talk provide leave brother benefit interview around.
300,David Brock,15,Male,76.87050638922051,49.97989646458853,87.95078627255211,88.28685732400729,44.326665575766114,,Next candidate week strong usually year skin.
179,Mitchell Bailey,19,m,95.05776303501176,76.33228945869297,88.79747861975278,73.73927474192632,75.4258653893616,,Stop apply trial audience born according security.
66,Jason Stone,18,M,84.59801052610618,61.46808105569628,91.77216083192698,65.53334459439445,64.40044419991499,,Movement institution their long.
299,Rebecca Beck,18,Male,64.61128084989137,51.67349939111806,57.54134925945141,76.89056801286719,80.65245673021204,,
450,Lawrence Lloyd,16,M,75.06781447947195,48.47668295653035,75.86976867841608,72.64639159935695,70.98546329311667,,True water strategy beat yet offer expert religious.
247,Stephanie Yoder,18,m,98.16347746158533,57.32113573183828,71.00671021803313,43.60420463727321,68.95002521412164,,Play response quality agree cold give.
232,Robert Day,15,f,90.83645508257082,87.7306223017842,50.96104573443206,99.98139727013441,47.50751542850482,,Set eye appear effect western.
3,Sarah Ritter,17,M,93.11763548709968,85.60564470628583,74.32327382094249,88.59476252565709,82.60812590788396,,Nature beautiful perhaps work wind likely attack.
471,Vincent Smith,16,Female,94.0965863679459,47.30571466751649,57.283157119854444,37.70769319487436,62.411210613981254,,Head war which join themselves.
256,Earl Simpson,17,f,66.18688563532945,92.13403753243426,62.32129695286675,79.24913304243157,90.59668545618413,,Left send too hard nation.
198,Steven Jones,15,M,99.41469248966939,75.08024202655533,32.03499662407676,55.358406969561315,55.16881636535203,,
391,Bridget Hartman,15,Female,95.7968576491136,51.41949176914407,87.42642552142813,95.50767918395255,89.10217398888024,,Certainly instead building recently personal crime magazine.
45,Monica Edwards,16,M,64.1166412297658,83.3132576756161,72.98569178293153,78.9677135519955,96.94427177889064,,
499,Shelby Lowe,15,M,89.25080267894742,55.923244551291674,48.432104862724,53.92437610603663,60.713797220198344,,Join down away one executive theory nothing result.
288,Sue Ballard,19,f,62.0638322663484,82.92945442595646,73.3789608139591,51.643091731822025,103.31263838317157,,
224,Samantha Munoz,18,f,70.65993573483529,98.71787724403183,38.566373012762455,46.51611014267126,50.32535375771556,,Condition structure foreign shake suggest information.
185,Julie Trujillo,16,Male,93.0042932569064,91.85297066045013,82.93852605240168,71.37974891446609,40.605436401341485,,Movie relate close whom court.
324,Debbie Duran,15,M,78.47771402302351,62.41058098230326,68.41870597040412,79.68141366885544,71.18225577366906,,Large prove people culture foot garden close.
270,Emily Weber,18,F,64.12374984054979,75.22370246206906,57.91852207926106,74.37409470403868,53.603642939797794,,
97,Michael Gonzalez,19,Male,91.51159554857969,79.01765115240724,30.729938957818213,78.61129530826301,73.11941812724326,,Decade teacher high speech a figure.
459,Allison Collins,16,f,67.17989293695334,95.96384442857529,83.42087038812225,50.72277743101949,95.4736633226083,,Economic herself collection toward want dream.
444,,17,f,70.34753322791632,63.83072664575266,81.75063146153411,43.17207748449471,56.862284882861694,,Change might west break let tax in.
68,Haley Swanson,16,Female,65.56464776572247,98.64798317888715,99.17926897000919,65.82874732803194,71.3523830039232,,
452,Luke Berry,18,M,92.74717681999367,89.1241002444562,35.08696101270114,37.79545187135107,96.551878451207,,Experience store think southern specific yard president community.
195,Benjamin Wang,18,F,91.19035099152123,50.80062624836341,76.41294031503446,95.16642645164683,76.57786069941412,,Light exactly smile lose again according boy service.
70,Tina Patel,18,M,70.24062127414649,81.59163644936086,33.34815742758738,69.90548674283829,67.53780876263792,,Never cold body step remain.
488,Sherry Scott,17,Female,94.16839097846264,73.86646544073295,88.76226366505368,49.51212005783776,64.66561653282639,,Customer reason live approach wait edge.
212,,18,F,87.32735425781925,47.96287922915664,72.15019508367368,37.01094690753723,56.141178807898626,,News individual food people sometimes.
272,,15,M,92.29721007267045,78.55455813683137,63.04423039378988,58.547425661408425,88.5273990738123,,Employee position hair exist peace determine letter ever.
496,Susan Gonzalez,15,Female,94.72217290129171,50.239885512999905,45.291022801831495,70.55261133914023,87.36593165171146,,Interest four level challenge.
361,James Greer,18,F,84.03193785768792,56.47241524000752,57.350985592952924,88.39307945676856,62.413288062860914,,High director trial their campaign require.
464,Charles Harris,16,Male,97.89191553025353,48.35188147705179,86.5177221237966,37.04241839823274,44.59814838851493,,Rock fine soon authority individual.
233,Allison Scott,18,f,120.0,95.12066781961025,42.14360519861701,44.78389695812188,91.02829688565026,,Mrs something employee option trial information campaign explain.
125,Veronica White DDS,15,F,71.98383647065909,70.29069291358107,30.890042299082545,73.91500615074133,74.4304752462708,,
88,Beth Castro,15,F,67.45283517976483,73.1800871555175,34.809898276278744,36.92843449920809,67.49407902357004,,Physical machine catch drug listen soon popular.
134,Jennifer Jimenez,19,M,93.46259253169332,79.30056032992651,98.48780951604171,88.88615261545692,53.721664564021886,,Head military house that practice.
196,Erica Clark,17,M,64.56951703681587,45.31333505339448,30.131591846743746,61.919764581334746,93.76244797943315,,Sister civil mouth whom.
339,Timothy Gonzalez,19,Female,63.66797340445721,58.1236301100877,-17.25222831157523,44.43777333750292,67.48133270009552,,Enter various those teacher something.
193,Sandra Taylor,18,m,68.78042100323835,78.40017801021483,45.20463683838474,41.45464317899004,64.9566342749113,,Increase smile wall development international.
378,David Santiago,16,m,68.65296092146214,62.01736475228804,66.41333662760881,52.65055808173075,45.05807887668102,,Any a decision could car shoulder.
264,Casey Nicholson,15,Female,78.38726051044524,62.82518225396786,93.65731344058773,66.97552150687238,58.53006544044045,,Experience care truth party rich.
408,Ryan Carter,18,f,81.30410077603048,58.0511865011953,78.08026983725203,78.93010352018186,69.61005952926449,,Within agency on side opportunity scene prevent concern.
422,Whitney Berger,18,Female,80.8504124872166,91.88117152201241,75.61675430944982,67.40710196787109,94.91543109506938,,Town attorney these picture response charge.
143,James Moran,18,Female,64.11925917325262,64.3186109851446,80.95630237115202,87.52147094392595,59.580305855919235,FEMALE,Seem song management.
157,,18,M,67.84452398773811,79.12739473182627,36.56298444518897,64.2580184768256,75.62814884857693,,Relationship cup place save.
172,Mark Anderson,15,M,76.25569233094089,48.7453940946851,87.05828691362575,96.5318882095805,67.7976191963678,,Enter east why address.
124,James Kim,17,M,67.37851485675424,86.06343328400682,64.72334870759207,92.72253918340766,63.179390384587954,,Data close stand dark arm century room little.
276,,17,F,80.85202669654278,97.08871357995946,32.54013358294515,63.824629364823764,88.98464709790184,unknown,Report star dream stand.
18,Janice Cooper,19,Female,81.59124247658532,49.21948228966676,57.09551322349416,62.896868570763196,83.53763201646495,,Mind turn away capital.
310,Kaitlyn Martin,19,F,79.24247535376345,98.60351431975474,96.29251914171061,37.87052585155903,99.4217069199023,,Evidence find perform miss be.
430,Jennifer Chung,18,f,64.23336375314337,62.85457153065923,36.10256274822818,90.83218455234092,69.96590619201012,,Effect story modern executive remember yourself.
150,Marc Watson,18,Female,92.02999085944484,66.2299233290096,53.96685452234826,61.253361171058046,85.7865018160785,,Member full bag care window TV.
398,Gary Martin,17,F,94.0877413338803,81.5400945147391,52.37667827083813,96.29394809304276,94.67009711080475,,Chance these admit around even tough.
73,Johnny Salinas,19,Female,64.08850656900799,80.22312750126474,76.13248739425765,89.1656096457458,52.83742232129421,,Serve price key attorney culture like work war.
340,Jared Bush,18,M,73.45481855313687,83.91748405513808,98.464327258147,81.15715366741094,45.52571519397414,,Tell start national other once last.
94,Christy Murphy,17,m,75.17222793542196,66.3164329893723,45.948969228017695,60.34170294120037,90.12446985052756,,Line major value certainly approach special.
169,,15,F,98.50597274219498,59.853361779350315,76.02922189446161,76.9731331562148,61.15615635573149,,Truth art second.
60,Mr. Brian Lam,150,m,93.07195311236313,96.47425025394318,64.68164724226872,93.97971070633506,71.63395964523475,,Protect already rock human court along.
370,Catherine Rodriguez,19,M,64.81355048139984,76.19316461280233,36.582527310398646,42.79699004655284,77.03494125092354,,Fly real skill miss back write.
131,Edward Lopez,17,f,78.72927313765517,76.37132281367029,68.08116054279262,76.4620110231362,41.65115110842492,,Cost live suddenly rich.
325,Matthew Espinoza,15,f,99.61365253367109,71.58995164922686,72.90301126033644,36.5923991373974,44.44253307474088,,
368,Debbie Garcia,17,Female,69.22276783220076,60.46540146845324,43.692649113116055,53.848057731334585,53.22902160839824,,Number property top black.
117,Jessica Williams,16,Male,68.50723137364905,90.42714437661601,56.319502295891795,93.52088242482765,45.44330213409586,,Item take step summer manager forward seven.
497,Kevin Adkins,17,Male,98.52946613760528,44.477788860224905,38.41730585581729,88.93460281869692,57.80720092119104,,Yard force likely history religious.
19,Danielle Hall,15,Male,77.54978701553355,67.22161807631696,97.46755928376457,52.40548390674172,77.18407428598536,,Player but issue fill alone management build.
466,Marissa Whitaker,16,f,90.83937170128542,89.75994430847703,92.91931717261731,56.46578065686634,89.68700974038057,,Expect put budget safe sing inside we.
292,Cynthia Blanchard,15,Male,99.9741399826334,93.80285739040734,84.0300408327135,82.71193456830491,65.8324125704314,,Industry just walk billion citizen live.
16,Timothy Shaw,16,Female,95.98669781168692,52.22207495657645,63.71443925744036,89.47989193087508,86.61568061963354,,Option radio officer discover stay phone.
170,Diane Ramirez,18,Male,97.77638902309093,66.92665442988418,51.76502510052879,37.91059928280343,89.4872713766672,,Even cup future west.
144,William Harris,18,Female,73.37451245241928,76.11132301972052,37.556060025252506,49.04333872575967,90.37957934252742,,Control notice research various environment answer medical.
64,Jessica Benitez,16,Male,76.94387449681932,44.950512066425276,92.2573641290191,65.74313749620816,78.19231880520127,,Among expect every catch major believe.
319,David Foster,16,M,89.51423067626101,51.11370679284458,98.63617754007743,80.50222773018679,98.73745042246625,,Move not education reason Mrs catch.
192,James Moody,19,M,94.44272079898886,43.101810234491616,84.62798433030922,43.826288059155914,78.43813556815519,,Price general shake agent money increase member.
302,Jennifer Edwards,19,m,89.80258192480882,71.38508347490708,73.70978125302096,82.64832734089957,62.886462484798685,,Best week poor participant last.
76,,16,Male,60.9209041915055,93.7732781611023,32.48996069248838,65.08537707603028,89.76349761751075,,Education effort Democrat mention structure resource discuss at.
359,Diane Grimes,15,Female,99.29322060320327,43.507276846513236,54.056423482637214,91.35067544287244,86.33806090992057,,Hard claim throughout action study term consider.
425,Elijah Turner,17,Female,120.0,49.558241237138816,87.34785734100228,65.93790251575763,87.24240070030633,,Black stuff event.
298,Jerry King,17,M,67.70396111142522,68.75099376661599,91.7494929997442,76.11536714777881,60.00775561576063,,
234,Thomas Thompson,18,Male,74.15485506244998,81.827691948196,74.62872851291608,88.08920045776932,60.67624506685358,,Me environment test than.
167,Steven James,200,m,84.12789608707918,93.02258017964516,43.57677070874424,68.25929012779827,83.6049534500918,,Consider news level probably.
81,Emily Coleman,19,F,63.09284261955149,96.11210891796759,97.95249703694691,53.058434730812735,97.17380775986965,,Also state whole trip into.
285,Michael Ryan,15,m,96.13455250544101,63.66191942910101,40.94672630824135,54.398269303521985,49.76890298061183,X,Commercial section leave include fall throughout chance.
429,Amy Lang,19,f,97.20361402038955,60.500470113815254,37.906024588782145,35.18728135826495,90.0185880486375,,True later walk save.
7,Maria Espinoza,17,Male,67.45619947152576,68.52143163203249,42.162681696360615,73.92253926492694,43.58298933825336,,Individual job forget list present.
282,Donald Gomez,19,m,88.96413317092555,73.47098840007268,60.02208152027271,38.86565197637325,98.91434188459235,,Early morning whole little conference speech.
217,Angela Collins,18,M,62.6870159966284,51.30094502593609,78.67909538296374,69.59673952468344,61.70261529157484,,Price identify subject miss ready air fly.
154,Kenneth Moore,15,Male,76.31937981459379,74.76489396061004,72.83583537361318,73.36856029195539,52.26765316328271,,Phone technology little guess suffer production.
245,Aaron Burke,17,M,97.97227188231062,85.14566575693435,41.570587767912215,81.20750658435074,72.95858628880623,unknown,Suffer marriage season bed class.
346,Jennifer Adkins,16,f,94.11287286767606,65.43668877479811,83.08975125083778,44.901423315194805,67.04118849633478,,Very price develop thousand.
384,William Williamson,18,M,79.64745363474506,44.195896342566044,92.80304386752331,73.57657459343577,99.77573719149261,,Risk us top page development fine.
71,William Moore,15,m,89.04382344249603,89.28644368059199,32.66152937662184,90.51883984728278,95.16324427436035,,White agreement if keep expect.
160,Samantha Townsend,17,Female,73.57084983584764,91.47917523536235,60.36603585783402,41.4267851466413,61.86125430569392,,Small vote class.
377,Jose Delgado,18,M,85.19111691984612,64.07127484233897,92.7870551296474,81.91190092661665,93.40342152791516,,Course born couple thing ever office.
99,Daniel Gutierrez,16,Female,64.5706920022275,76.94452131653458,48.24993099439416,78.84951043955405,42.76340405139738,,Positive capital skin professor north.
465,Kimberly Cobb,16,M,66.6551034772909,93.89569763756236,34.13657230547773,82.85302762894953,120.26296811214688,,Material human economy nature.
148,Amy Martin,17,F,95.89721639275537,64.78187047886182,64.18758910454576,60.18051806846286,90.75097302759806,,Sign reality various policy magazine surface loss.
409,Lindsay Sullivan,19,m,98.48487890368199,98.87418246065823,36.5121340522019,44.04253017792069,56.998285745495835,,Born they author accept single necessary their.
392,Jennifer Butler,19,Male,94.40507265671695,43.140332547190496,51.92133963720977,88.7364528955162,43.001114609266736,,Scene garden able fight.
13,Christopher Gonzalez,19,Male,87.3192825366853,68.29194760615076,75.78530567603987,99.2868432927613,79.05744010708436,,
5,Kimberly Terry,19,m,91.98148523678063,58.71711942970783,46.28518769938767,49.712847132196586,76.19750834289658,,Energy rich say take.
228,Jared Acosta DVM,16,Female,79.77095400553085,89.85263148050232,34.37795588281579,88.99475318380499,50.811745247688876,,Seem goal result place sea expect.
296,Jeremy Munoz,19,Female,64.82090315145858,62.804470536232316,68.3824408608497,91.6831419990555,61.351285555552685,,Sport ahead nor those organization chance.
122,Chelsea Jefferson,18,Male,94.42528071562936,77.72588909235671,94.98222729940039,76.9962513753291,77.32237374225963,,Any thousand speak whom.
31,Michelle Ho,17,M,120.0,54.85239733620251,43.91993944427071,97.1285914418489,60.24040846102141,,Wish bag get cultural kid kid blue.
109,Christina Schroeder,17,F,69.92905771028607,59.93887752130654,94.42080268535854,91.653852273735,94.08298579851609,,Themselves past shoulder structure win power collection.
437,Barbara Wood MD,16,F,60.20580683018859,92.40019970343087,60.48538180787115,82.48226346232136,75.93072400476635,male,Left education general finish card.
424,Christopher Stevens,16,F,69.81142129021339,70.41030590922895,47.80253868248217,91.27831073945308,42.10047488840834,,Serious natural over head.
91,Jenny Mccarthy,17,F,72.45777056182564,68.8542298869391,66.02603106014581,64.28880623390371,85.81474413199436,,Front door history consider.
14,Monica Johnston,16,Female,78.07794405196157,72.59396834739749,54.79653683113422,75.70145115355399,78.67547048454063,,Fly Mr for though third voice religious.
330,Ryan Jones,16,F,62.80118822989884,75.61231414738883,76.49315401537922,80.35415794477291,72.9763761118454,,Cell within station begin.
23,Lindsey Sanchez,18,Male,81.27429918752696,57.65007840060868,85.32364151021036,51.399971239561424,56.574239498509186,,News class way music.
416,Kathryn Gordon,19,f,96.2605487777832,86.1159882873105,50.75428468983207,96.35884984860863,86.24455185433311,,
291,Karen Anderson,17,Male,83.53055027879725,65.851725492282,52.06326647681513,49.34845674943081,96.09966591032592,,
431,Melissa Palmer,16,M,87.95962952158351,60.77930611534021,80.33542131476989,47.09149500036827,72.10153027593597,,Until song such.
28,Eric Lin DVM,16,m,73.31263143649937,40.073910109985555,52.64502764380316,37.12196904046846,78.56913488801047,,
477,Christine Aguilar,18,m,200.0,47.322103127463706,-35.18090699133853,43.54868734956457,89.73227657517752,,Floor eye behind affect movement from.
218,Ryan Mason,18,f,76.20992352110756,83.84976849225258,82.21476461695721,45.941902134743465,96.95251761223074,,Let hotel beat concern.
252,Kelly Bradford,18,Male,66.48055511566338,66.29034078471926,33.9295272391347,37.468801613840476,86.93027578547478,,Think tax heart better your picture blue.
473,Dawn Carrillo,16,m,87.04209028747017,70.36645329080505,45.87112680464575,84.55008708142601,53.907015417361,,Whom marriage such none put six.
145,Wanda Murphy,18,F,63.02013455215557,77.95243199357836,-38.648622317253334,65.32950600531903,48.62886101888883,,Week everybody pick guy money.
89,Michelle Moore,18,Female,93.49963156009969,75.8485517579158,59.70078201194217,78.9023134905608,86.88093043686438,,
36,Gina Gordon,19,f,99.90770463695372,59.555527837124494,75.22630864237556,65.18816035466028,81.4057934942706,,Scene organization account.
303,Justin King,15,F,-10.0,80.2057620766565,64.61367919065651,69.3575771319428,98.92297222095775,,Few say behavior pattern church movement test.
491,Ashley Little,15,f,71.9349772395997,69.07609522113188,69.14293647805286,71.92601330196138,69.36258693824021,,Present simple hospital join.
278,Adrian Parker,17,F,98.32683172015722,94.85419095708819,49.29286370752618,73.44143936246172,44.253494553477125,,Fine simple group room through design teach.
479,Tyler Young,19,M,92.86051789629764,96.18695043301963,31.26000622616505,72.39810121135113,71.29596376068149,,Maintain degree deep the effect entire spend.
62,Tamara Campbell,18,m,73.70097028714173,72.0545323585867,61.50871026938317,65.52671535424608,79.5468258681716,,Break would threat them that task one.
352,Tony Douglas,16,F,64.37870394716461,50.70675791366632,47.88453412589233,49.25280752505192,50.444900518685756,,Reduce reduce discover agree care describe culture.
55,Amanda Robinson,17,M,60.48812289272178,41.1020582164324,49.55573997543014,61.453174126227154,68.88000259213989,,Among dark front along likely.
128,Charles Collins,18,f,77.07155621346998,75.28350268540476,52.18457341414614,42.52294443411585,94.13418420773428,,Without star magazine may physical line standard program.
329,,16,M,97.30359637701011,70.9105102200239,39.86717392652385,72.5076431900242,138.99975953923098,,Exist another response sea international single become.
140,Sandra Mccoy,19,Female,79.24351793550343,90.15988382687257,82.72311351393819,40.48550473539525,83.14959381667413,,Half church modern happen daughter both structure.
343,Richard Watson,17,m,60.13385448171917,88.5717985461065,53.78442300933196,91.12104984570513,82.22753865943045,,
360,Edwin Davis,19,m,95.36795912526011,48.50646361162611,49.77016290805582,64.50654512704321,77.51228617182653,,Rise item then order.
317,Charles Lopez,17,M,81.5360596152315,57.716697353218606,-35.038229409456584,87.59690612403702,46.18728174448455,,Church along memory huge successful college research.
438,Sharon Bishop,17,Male,92.79787669632401,49.70585268112657,70.4074811538029,77.1013561190899,52.065923646560044,,Walk drive fill.
238,Tyler Crawford,18,M,120.0,74.63111420270488,99.37885022749126,54.53181006402811,52.803600878541374,,Whatever moment democratic consumer small require small.
446,Lawrence Mora,18,f,63.363928978719386,77.67700316635815,52.04437120290774,98.34846773679644,40.68954839788692,,Education Mr father account.
80,Eric Johnson,18,Male,62.75686157468875,57.93015318023883,99.41118862091918,37.88520519110554,63.71235557859821,,Pressure five deal poor black.
215,Amy Kennedy,17,m,92.60217713609828,83.9739351004805,74.55434557344078,98.70708450689486,77.70604284513993,,Ok take shake them after day take.
297,Robert Hernandez,19,Female,89.24094685833126,51.82924759437264,38.95917459735105,69.269701754587,45.03517214928576,,Decide better happy serve fast wall defense.
102,Travis Johnston,15,Female,96.9184092719394,84.65674393569734,63.47787062031466,97.01215329302764,70.88101702728633,,Blue drug shoulder.
159,Gavin Rose,15,m,83.80195918801682,63.942756768226666,91.39969090579828,84.35781667391984,78.1625481267981,,Seat shake join perhaps rise new.
77,William Garcia,15,m,86.05468843952984,75.68659824261616,65.60055026133048,63.5050017549333,83.92735641057735,,My foot fine half.
35,Karen Braun,17,F,120.0,79.09116800813588,48.609579565801944,94.19397766328407,81.3999842385366,,Wife through civil note middle.
470,Dylan Carney,18,F,120.0,-17.74297502012021,41.83567492491947,92.04705627730078,77.93299586523693,,
30,Timothy Flores,18,m,87.74870429613354,76.43838689576027,74.05091642075153,39.20464807848355,96.84371497518681,,Up technology thousand book later another so memory.
461,Jonathan Harris,15,Female,91.55227927482977,68.7612664082711,83.14741131425899,89.48724837047081,73.20281127194485,,
184,Jay Manning,16,M,73.43463428599341,66.78211879075513,77.48651759985992,72.71439872102691,52.214702652781625,,
180,Lindsay Garner,15,M,85.71702254457013,61.4039231824001,88.28763285429302,41.58189444998533,43.67985733859696,,Least fight set benefit.
129,Charles Scott,19,M,91.99128088297078,41.76366674539044,91.54880619984868,45.030901743400165,92.64133673231561,,Statement candidate animal whom between law.
266,Elizabeth Myers,15,f,63.110613763158284,75.7891284991253,30.49204426695334,66.9421815393562,47.10954152610404,,Building size hotel much during.
56,Evelyn Schmidt,15,F,83.93770804820909,68.9413828930955,95.12232193864766,92.94620101552795,93.8604803606774,,Table data from yes not red morning too.
333,Christian Hurst,15,f,63.54173642454472,50.48640656964263,90.33908358829906,91.48137639814442,75.72157967551624,,Seat sit pick point first.
349,Christopher Odom,16,f,71.09062582787095,92.15557747906315,38.83776479548294,72.91173700964751,71.54537317354809,,Despite play official brother.
164,Brian Graham,15,m,88.83252385242027,63.79958658061372,81.9198443059051,36.782320148222745,45.70318273196157,,Relationship peace off prove.
375,Autumn Williams,15,Female,93.04822783175864,78.71739025154301,74.98722603706966,92.32949103190633,84.56949849437898,,Your standard us arm law stock power show.
11,Kelly Williams,18,m,72.64786329185978,82.89544241213486,85.44655436323802,56.4765202519253,54.34952666693458,,Adult better watch happen enjoy focus campaign.
187,Brianna Taylor,19,F,61.36912443282117,72.39435037013274,62.922333787125,45.87838265401082,92.96406284040532,,Who home nation fire floor class professor.
177,Ross Mcneil,17,Male,93.92512381867533,61.55504487497473,66.69114195083137,60.08184268818253,72.8020312334061,,
153,Karen Woodard,15,Female,94.67975040046093,75.57510398990692,82.03966502536265,91.0132621696892,72.67034614295368,,Contain pretty bank operation but baby article wall.
138,Scott Lopez,16,f,81.10590920579143,63.03082911206778,33.77007448986183,69.61202546341454,53.49341300895475,,Wait rise rest usually writer.
400,Melanie Martinez,16,Male,73.16205461479484,97.6999441572888,63.9751288211921,59.52538799141104,65.48629182550317,,Might prevent we tree control seem current put.
265,Timothy Copeland,18,M,63.03733641478488,72.90998329908861,84.61491444010716,54.659086088809694,68.93586167513153,,Age act activity since answer daughter nor build.
209,Angel Briggs,18,m,65.29104844501322,60.559209287254916,33.696277232796966,40.733110746341595,64.8681829323606,,How west view care.
382,Joseph Kelly,19,F,70.40933471806109,89.91178679508532,72.94311970474234,85.89608142558764,70.76358365570655,,My series guess necessary financial respond.
383,Jaime Wheeler,15,Male,80.60991697258903,80.17615696803772,55.41705156438073,81.47751672529445,66.30309880184568,,Hope type arrive former nor down.
231,Veronica Wiley,16,F,76.17526006196097,46.78658914459438,81.35310810296187,72.89398770069916,47.32182965931092,,
289,Katherine Salazar,17,Male,86.79669858200157,71.27404794912006,69.33949932267647,37.00135322792911,51.48566082997255,,Resource around laugh worker open certain executive.
20,Amber Heath,18,F,83.09945083624503,71.82126362369536,47.40061804004594,86.29545502826754,93.7645067076744,,
65,Logan Sanchez,16,m,71.51718465902904,89.47084281381004,61.54337597108305,75.46378022243343,69.89416002995638,,Election light issue executive voice piece senior.
441,Gary Dean,15,m,60.04480445920438,73.99452173028511,89.0616128484707,37.33601386990097,68.17153252263176,,Success case knowledge nothing risk much soldier.
418,Ethan Johnson,16,M,86.48448040426258,80.29350661678224,37.752391172327066,65.90142951025479,52.373044305048396,,Letter true inside growth agree.
314,James Reyes,15,f,76.17941798727404,91.56494759683534,80.40056277641793,35.36827794442187,40.68883958496267,,Information from imagine assume sit member.
269,Mark Sherman,19,f,60.210152742335396,40.88002342277583,39.19445857014347,63.679541387596224,97.1480270012708,,Though three above fine institution line he our.
10,Michael Schwartz,19,Female,96.31464521850063,92.08736880943187,80.70222287736628,92.02201458370166,99.41253361525729,,
421,Richard Torres,16,m,89.35639675814807,87.27411929753589,93.09072075422542,41.812524224842186,91.91160084386865,,Against major throw receive.
85,Christopher Jones,15,Male,64.91243127382936,76.73547915286949,58.84916511839401,69.553965199288,86.38534250184797,,Increase claim respond late.
186,Jacob Mcmahon,18,m,74.52236848780362,73.48841497563177,88.93792600476961,41.841847037805806,66.24891559649258,,Society reach pattern true green somebody late away.
483,William Bell,16,Male,60.041179193825336,40.01995036722936,38.92177715960083,46.813047396115095,67.71060887650663,,Size develop until out smile.
205,Nicole Arias,18,f,76.10200174387921,98.38586488422078,80.63833359286005,65.81041785140513,85.74897306853319,,Magazine human actually game six.
113,Sheila Joseph,19,m,72.4589268453103,64.19568166742991,33.06149381159786,78.0731933488581,69.680511375477,,Too specific start test from chair.
482,Karen Burke,18,f,70.10034998753528,91.08691825307592,97.63703874947588,58.90268730233214,60.686885204358816,,
33,Lisa Scott,18,m,79.81694505615863,53.532408546624126,32.98432465009229,80.13927964849607,72.32878054237715,,Account stock person join east civil.
316,Melissa Morris,16,f,92.1590791760359,51.07510777222198,36.218817156129504,88.42523133609544,98.6262539830944,,President artist couple laugh small memory one.
208,Kimberly Fleming,17,m,76.86815738213127,71.3038027981728,79.20604086850737,70.44977287918967,62.84138086965194,,
351,Anthony Hill,16,m,61.80402708881293,72.12148611055966,41.313386790011,70.68372921370673,40.12111106489404,,Action affect everyone southern agreement.
52,Laura Fernandez,18,f,79.45429927982431,48.75532444210873,95.99817989892833,65.73831363270881,67.5158766108304,,Set recently much wear adult.
110,Nancy Carter,17,Female,83.1052781636619,72.54871814316205,66.45376992839489,51.68512484015298,49.228421478496465,FEMALE,Part growth sell air.
341,Allison Pacheco,15,M,80.90076766538093,91.07045565116624,85.57928014576044,78.34553736592741,73.20274096760244,,Character both message military war court.
161,Ann Myers,17,m,82.77774071054002,40.541824247773015,41.25937217704224,92.82738214614182,57.71450814937853,,
17,Charles Floyd,18,f,84.9640617672735,45.4698694243715,42.38210016006981,53.543871993225565,52.29887257160898,,Particular trial number.
493,Michael Martinez,18,Male,90.91291120067218,77.16986508445527,67.28731207330884,70.64483235271751,84.43756893366222,,Whether receive west build.
79,Michelle Washington,18,f,74.97741478881687,76.77665049193635,62.3362855669669,60.79179506061057,81.89866943365436,,Child man foot part on range defense.
96,Kendra Petersen,17,M,68.2231923350255,75.59671889861073,76.71452786324998,92.3468061461651,62.61913251557681,male,Lay little just sound one name.
34,Julia Hansen,15,F,89.65843644556182,49.6495281446914,55.998599735509856,40.34345914126581,43.637735563988095,,Agree you us likely city area whole live.
347,Kathleen Hall,17,F,88.62213260936969,49.179028049713764,82.78753762213148,52.30092081350993,80.32336232513521,,None fly professor.
335,Timothy Rivera,18,Male,79.19125307426019,94.35346628726562,82.44985988870435,42.34055677459074,95.53133247111285,,Them window think specific.
219,Cathy Peterson,15,M,79.89859575919562,49.36983068753044,98.73784333123017,51.04898273339306,77.92956995118745,,Say street land white each enough plan.
480,Stacy Leblanc,19,M,74.87334116954898,92.56631155588255,59.50108291054732,39.965021424444636,87.66913801890945,,Go he suddenly public.
249,Roger Ryan,18,f,79.3501976772965,79.03069886750295,78.83694392640527,73.94283802762114,63.234236270685756,,Class tough bad require cultural lose.
456,Dr. Brian Peters,16,f,77.2896313557005,53.41686606977868,45.087090815393225,70.34737231130543,66.77207325865263,,Economy trip affect prepare number threat price.
38,Leah Davis,19,m,88.27921844973837,65.99480493829934,48.62134946037665,57.153020486340026,69.83874677013834,,Station toward minute cold computer.
239,Joseph Robinson,19,f,62.72998821416366,60.91442003451823,82.30537114194263,56.178502641689235,79.90877165430433,,Mrs early soon address.
49,Theresa Humphrey,16,M,84.1583148829005,94.4691191790784,39.320150292466785,98.0998034208609,85.65126067086973,,Wife yard bit or full.
254,Matthew Moore,17,Female,93.85631397258229,92.67346954247965,45.787893094801284,70.70596116120632,87.85284163223196,,Ability order power development wear.
311,,15,Female,95.39993426093125,89.39044093573962,97.71493244517926,57.21585630788951,59.51523435547311,,Could staff act Democrat series deal pattern.
8,Amanda Mueller,17,M,69.42766984259998,84.75022072185786,75.90065707931595,39.19193263119589,80.29853689276179,,
176,Laura White,16,F,89.43618452784008,55.15166692452516,67.70869671401275,35.436175369763895,63.50943779701,,Or first cultural.
455,Jennifer Schroeder,18,F,60.7371087495287,49.227468980081866,90.64705599759395,85.83099677064287,89.58928541174575,,Look cell contain shake teacher exist easy.
318,Benjamin Brown,16,m,86.46620700322165,87.60443548887024,68.15738697824898,92.48757790762852,72.86708166299917,,Event quickly want might onto.
46,Lisa Williams,15,F,81.4592540593838,79.4190314538696,90.16956621528621,43.560073500682506,97.73861217926705,,Check along environmental between ever hot manager arm.
275,Leslie Hale,17,Female,87.62240929782563,72.5418198987843,33.12164358610731,64.6386529243959,58.9929799160722,,Minute friend level deep.
152,Judy Garcia,15,M,200.0,64.3012479448193,83.07295077535761,70.26473395459635,93.33324544021778,,Knowledge kitchen can.
174,Michael Shelton,18,F,63.47700059801397,75.27306226662321,78.15188769159406,68.62055981143158,57.401751618934355,,Truth win culture listen across fear step.
273,,15,m,98.4839514305647,85.56065967537197,30.938183850251594,82.17157010929668,80.62914474746043,,Sometimes cup minute set life specific health.
420,Kristine Wall,18,Male,94.57971521229393,55.42283598592479,99.16458966569418,99.96530613401599,60.01640734174259,,
486,Carolyn Jefferson,17,m,97.7721453983132,61.887893148671765,87.82273361666003,57.217240856991864,57.7565733315194,,Behind turn amount over machine drive law.
25,Jessica Bradshaw,15,M,69.16101563699185,98.05067581682667,77.66823790667712,66.74435088389102,71.6359108549154,,Culture however card across too sister information.
253,Micheal Garcia,18,f,93.66118641240173,94.08253897530665,89.6909613912998,83.48090251075578,47.462969874479455,,
472,Alejandro Cook,19,F,99.60593491002588,68.69404138288434,56.5652032362303,60.84709267348235,56.28992525091207,,Everybody campaign thought determine positive difference not avoid.
54,Paul Cherry,19,F,90.8752792239298,74.25427011064986,35.3491801606636,52.482331478720624,115.61535025747202,,Drop anyone feel think.
442,Kelsey Davis DVM,19,Female,82.24726940159027,63.46256578349046,47.778241220041735,60.65773299991383,41.698676464160066,,Sort example respond enter give.
207,Matthew Bowen,19,m,85.80216671077318,55.25347479384959,45.78071288245857,99.6657682488559,131.93742290452545,,General so participant easy under provide.
365,Terry Watson,18,Male,62.59945637931576,66.74745487463375,57.81669733397216,65.10622658883722,96.17602836479315,,Impact measure instead occur.
369,Brandon Cantu,18,F,93.22570071002498,89.12242342715396,43.0706307041129,71.61378051199796,83.5435546218462,,
260,Bryan Bishop,16,f,74.06160644536875,50.87881913279139,79.42133053648172,96.69228930081363,82.37159097780152,,
490,Mr. Louis Coffey DDS,16,F,93.03683063199585,52.705321039928705,73.49411480774707,72.09222555226077,63.08821703326619,,Assume into score figure size this ability.
120,James Miller,16,Female,78.35955952068052,64.95444196881644,41.4578661025711,83.7402996883703,66.66192095449087,,Girl group challenge government understand own statement.
277,Brandon Morton,19,M,63.46820847448734,85.0367139864234,49.300389716688656,74.13760404806067,70.09092768878403,,Business close voice a factor social left.
98,,16,m,84.14886126920555,68.75673571457725,47.878943927965366,51.781261522426,88.28518731938169,,Gun region PM recent.
57,Janice Walton,18,Male,82.62033389291895,52.62097479513211,47.71409029605492,35.18986712038853,80.46093874140814,,South to hundred travel scientist show.
390,,16,M,61.394606409352996,67.41151869282211,81.2844664290583,40.376504999082975,79.23964554038807,,Life rule five member.
40,Jeffrey Gonzales,16,m,65.72511942193879,48.974838560053946,38.903983388121475,46.08782425121085,42.673829406920746,,Reach great realize people financial.
495,James Leach,19,F,65.25340505637513,65.82023065053528,61.48895455807914,78.91270597676689,71.91334474045085,,Out throw result cold religious.
257,Kendra Chung,15,F,84.93330203619962,62.54033511290359,63.663420052714876,65.34083502002721,45.85085953845385,,
155,Laura Martin,17,f,82.0689038103736,79.75727674049922,37.41514987909451,49.70814203392507,55.3185445902359,,Cold north magazine former official.
350,Megan Garcia,19,F,96.41356408230138,68.37351793799093,76.17405564763196,89.74499851235662,54.971462010294914,,A mean popular respond opportunity network.
301,Christopher Oconnor,19,Male,91.8136735183639,77.04110544477845,85.1399110869396,56.671475940342184,52.324084508681764,,Air once enjoy item foreign sometimes hold.
336,Ashley Myers,16,m,83.23028828909311,86.19668201510073,50.34112918644486,89.73483843090764,44.10004629073625,,New see occur reason theory above.
389,Jessica Lang,15,F,89.91486416368915,53.84975134924073,55.45851873292982,96.12915287285122,52.24147994431472,,Quite thought western.
406,Amy Weber,19,M,87.82857171399002,89.30838663406522,75.92938126144065,95.46111275349759,93.09785849083526,,Hair seek sit.
111,Natasha Castro,15,m,66.62053269711895,69.59661080702797,73.15498088265585,78.2439866285736,99.40518256404891,,Type could property clear.
374,Nicholas Andrews,17,f,98.29081051933302,55.893726834204,51.86443713198595,45.31056939421457,69.88242358341213,,Money notice nation value respond use.
200,Terry Cook,18,f,67.28428555286332,63.842739307864065,42.69234959478537,66.71032781750642,47.52138854754314,,Sport start series voice both.
183,Marissa Cooper,15,F,84.99045084173005,82.32313564673221,83.10734730777034,89.71201851340395,52.03361506437898,,Quality order produce school rate letter.
236,,16,F,67.37483682715853,89.61033302271264,42.47767268332491,85.85524141490568,43.113717971104656,,Model leave standard.
385,Allison Turner,19,m,99.85343103226897,78.41009342968997,41.81979446743803,93.22223718520124,53.750317072849725,,President compare other young save Mrs forget evening.
448,Monica Wagner,15,Male,82.39377249235318,71.94887155356557,77.7168637681134,79.34260224072969,95.44161222554396,,Each difficult president stock exactly the collection increase.
225,Drew Silva,15,M,89.28738313836249,62.45780602838756,81.48539245412763,67.98401379778323,98.3451999424062,,
354,Charles Jacobs,18,Male,64.97750229187426,53.814770105672196,69.21275808624384,48.95082476182218,66.9450847006568,,South ask data bar just occur.
201,Tracy Collins,16,Female,79.39113468601384,68.7938248955244,57.13715163252759,43.45310586322401,60.21788354304739,,Particularly begin throughout discover series name professor.
492,Stephanie Moore,19,m,93.59788658689888,85.25521266063178,73.97666773242969,78.09547749921543,65.7765155279418,,Look adult both region necessary piece.
434,Thomas Jones,17,Male,98.4526115273963,89.5171664939738,81.77699105087345,81.77749807968448,65.16337670001829,,Partner least law scientist along.
221,James Fleming,16,m,64.26314920514697,97.80080996922393,87.75914673662805,58.152067062643624,73.60550184660373,,House try per.
251,Diana Henry,15,Male,81.59371115632774,95.54048985284271,84.78073578959365,64.80031759700177,40.96371189886037,,Different though authority several must.
476,Amanda Scott,19,M,83.77583436914182,86.60341782830156,-11.344387734874235,49.287347673507355,44.658446559326876,,Scientist method want order product operation because.
387,Mike Rivera,16,Female,78.5352299286248,75.56871949920536,71.86788405583127,65.3529199976347,80.24053152293953,,Owner TV whose program reflect game entire.
204,Timothy Young,15,m,87.95383412643618,59.387839424216715,65.70767987491777,59.36223190581676,53.22930608134638,,Another say executive administration more herself.
397,Tim Roach,19,Female,61.77506654132947,60.014172968332026,81.78112324598784,93.96798840144045,44.62871011237491,,Assume effect last feel thought between.
105,,15,M,96.73818899757205,42.61969946244167,38.7663499302979,35.13674980643242,54.74844635836918,,Involve industry government prove wife.
259,Ashley Stone,150,F,73.77534928176934,78.94447952766359,-35.17605682606333,98.0245022451262,70.06527281573182,,Include pull eight inside.
22,Elizabeth Campbell,19,m,200.0,87.80786967184164,59.30064351367547,77.82362955910457,58.9088223479532,,Statement dream condition cut rest now.
345,Stephen Jones,16,f,71.88011505819529,48.98223807741746,68.13934313591609,54.013480919598216,73.81959826172573,,To job carry news apply.
426,John Boyle,16,Female,66.41600421320288,43.78654198474901,91.58753397661867,42.21353909803462,64.68036798994864,,Government see finish central.
356,Michelle Ryan,17,Male,91.91957288573533,78.2776475989582,69.05865171478479,84.37474286548678,52.785100521088495,,Firm law prove history large range.
458,Kathryn Mccormick,17,m,75.68604845780786,74.38248573585096,34.79537846388857,79.7228888493409,40.47786428472707,unknown,Age big rate purpose tough be.
213,Austin Lloyd,200,Male,92.90335503646696,48.612541722363574,31.605296788762942,98.09823998902112,71.05577807893133,,Property human meeting.
380,Richard Kelley,19,M,83.89096289721364,77.0293470037388,69.04741343504409,41.67863640940752,91.67917754890544,,Miss quality even southern.
255,Kim Peterson,15,F,98.20945250893917,59.031743005923914,56.38399153154604,38.753168371496294,76.95471494060328,,Room show everyone film.
147,Frank Lewis,18,Female,70.89207418881197,70.7569123123483,-29.566445820314648,39.37999606105896,94.22545430650854,,Teach great nearly size ever.
445,,19,F,67.72531458349172,72.38395712559657,37.444060837904225,82.91127577808334,82.77760047152834,X,Mouth newspaper college special table.
74,Ryan Williams,16,f,96.75002089042985,97.09299846131961,86.14913906893113,89.85509981976206,40.781774065425026,,Own relationship apply billion open group news if.
104,Mrs. Wendy Meyer DDS,16,M,79.23347912356294,66.01932003738334,52.55508524112398,91.0872326893068,55.22926468940169,,Throw talk top color.
27,Sierra Harmon,17,Male,77.2611257254577,67.72583744593965,73.3263735105405,69.14058423881042,49.83286142682893,,
119,Heather Curtis,15,m,99.02165262731026,97.64683308921862,57.205695904089296,55.870271310658254,43.46217570495393,,Somebody require difficult quality term.
39,Bryan Johnson,-5,Male,91.14287756203004,99.06108444417424,40.44664445651233,45.713603897539535,53.815055242630876,,Only among develop.
308,Brooke Martinez,18,m,74.58788997829224,-24.339282227415406,53.67841737326439,40.83779002838031,87.1161286909609,,Push receive accept.
108,Jimmy Castillo,18,f,96.50997851516516,79.1957811542398,64.02108520842779,37.63631794040429,40.02656688623247,,Glass enjoy receive save soon property on.
440,Nancy Long,15,Male,96.34805237077472,74.47524293906599,86.43371167026535,84.01149727034485,64.45797147877934,,Money choice upon color treat can.
436,Adrian Castaneda,18,M,95.16285920912526,96.54322114613399,72.96441931709893,91.5346064843112,87.10586284574245,,
367,Jessica Duncan,18,m,93.51302941132982,40.949265505934946,-27.46021265530471,54.707613864967996,96.37909067761049,,Current mouth imagine anything that understand.
173,Dawn Perkins,16,F,72.95960244427198,66.96603011282426,73.04847682387927,57.084973764822664,42.724196888121554,,Rock seat just rise individual party.
315,Sara Foster,16,m,82.89711037733863,87.9868657254413,59.2592953709339,95.91091684982166,67.00699158848866,,Which play stage middle despite walk.
41,,18,Male,68.18178372677853,67.87591579814861,90.52622744982924,96.62704081114374,64.93853120115435,,Consider economic remember economy interesting oil hard.
357,James Cook,18,f,70.35930606407254,55.413030858742886,68.67595303479077,47.20978541495532,96.34342575803123,,Friend north land brother keep.
115,Ricky Blake,15,f,71.10348690517672,65.10398732005916,71.89721029790559,73.76089872592394,68.89296041655126,,Computer firm need few cell institution business.
304,Sierra Thompson,19,m,78.20574740144625,95.77635264531935,98.56855882672298,86.5706109298476,87.09170937753281,,American security sure culture star fight thank.
419,Michael Hall,19,Male,81.75115631989597,-18.570054643303784,83.17076870802423,76.23208308122827,87.98312583789166,,Respond store central issue.
58,Michael Miller,16,F,88.64716298931809,60.76099405869037,84.68192966508434,37.58478772425702,48.21994378322028,,Happy star live fight.
379,George Harrell,-5,Female,80.73041466705568,60.61362848654224,61.33220582241519,61.15903143318848,88.43135912747128,,Fund second bill be available prevent may.
189,Zachary Mason,15,f,73.80768579525102,99.20157882142969,38.72998398379733,49.8516385390601,51.46712256976016,,Pull view compare that chance sense international unit.
263,Benjamin Oconnor,19,F,83.93144233072618,73.80633564090752,93.27393311822622,84.05037940390847,65.77575661456387,,Religious worry environment camera.
240,Johnny Weaver,19,Female,93.48315962812117,49.55724671456831,81.79904706799283,86.51389047758974,49.43957680010969,,Usually left green perhaps street challenge hour.
83,Leslie Faulkner,19,Male,93.61758527921691,77.51827961283686,84.86898737373717,53.49654961458834,63.567626548560604,,Write mouth bank style more door wear believe.
250,April Hall,17,F,70.7964488956878,85.91145187334709,95.0731846012979,57.974948135540856,94.39433264032976,,Alone think song shoulder should nation.
223,April Bell,17,Female,70.54735210538466,79.69794102226881,56.14238173009214,81.08589207865707,147.16085275494117,,Five method them past prove production.
443,Matthew Lester,17,m,90.26543215139739,70.06917995092059,32.17809199421504,95.50247432557184,52.6017609709769,,Exactly society election when light.
197,Joshua Carroll,17,Male,82.63106479866242,46.19853742744094,42.48608090151309,60.70322741953943,89.08160494832158,,Specific natural reflect for keep service.
366,Ashley Young,19,M,76.0632094570195,83.47101108391709,36.53855803827069,50.252473715430206,72.51940449338596,,Soldier recent again forget guess professional nor detail.
230,Andrew Ramos,18,F,93.52427852713183,86.11116187142747,83.66119667801503,45.74073327876921,88.21108650609605,,Per structure public.
402,Lisa Stewart,19,m,89.4085061809381,85.29026919645086,80.76298836191735,78.88410397472842,75.82574621120318,,Late expect daughter score create.
112,David Cox,17,m,61.3551664098638,44.8915893731456,40.96469058816658,87.02306713652143,97.29081958230809,,Catch job often heart impact try.
132,Brandon Lee,19,f,84.9990394820421,75.86341391535186,74.52495346108776,83.16378126784761,90.38896972873187,,
242,Regina Leblanc,15,f,96.62054709167657,59.08669321708717,44.20554573024315,82.50317186626756,85.88314848857675,,Some matter fish instead.
498,Austin Evans,15,Male,61.25209254990065,86.96176244464895,34.783865487258225,74.39952672067619,72.48217660943612,,General head rock any.
190,Ashley Abbott,150,Male,90.9533809280536,47.3782485117776,56.97631181331533,98.53438766937391,58.605072300565304,,Nothing traditional success travel month culture kitchen.
92,Victoria Aguilar,15,Female,69.0958248350845,42.445246365548364,92.92305768043647,95.4127351407524,91.3124191011022,,Visit herself majority social thus.
127,Stephanie Richardson,19,M,75.89272461830392,70.8397520685235,77.00184544262503,44.02663621577361,90.83630006331157,,
7,Maria Espinoza,17,Male,67.45619947152576,83.46536035684701,42.162681696360615,73.92253926492694,43.58298933825336,,Than cost tell.
407,Erin Joseph,15,m,61.951343266926926,40.074200785564564,39.08785142662023,89.87616565637819,62.997054378532084,,
293,John Martinez,15,M,82.23226325748719,44.276816203309835,36.049722753378255,84.5687656551214,92.67906981909009,,Result finish action forget hot.
148,Amy Martin,17,F,95.89721639275537,72.68431883225185,64.18758910454576,60.18051806846286,90.75097302759806,,
175,April Bridges,18,f,85.32963099643842,96.91500129108603,56.268193310986646,59.62916807382294,95.86059825311798,,Property stay work white.
63,Gary Bradford,19,f,69.09403932119949,92.952009149176,45.88752860557549,64.28024460775819,46.533598838862346,,Later the choose style play.
103,Cory Moore,18,M,78.62800489275253,92.30996673838726,92.70702181603173,81.89057432190873,88.49652637335626,,Probably including reveal raise else simply story.
241,Kevin Thornton,17,m,77.48773585428974,85.3677886240587,96.52189270514143,64.99395827267531,47.132463470624316,,
286,Brianna Price,19,F,85.86659676468653,72.9648543058272,89.71627363825553,50.62485526546645,51.2148664365077,male,Whether field easy large.
305,Cory Lane,17,F,80.89738304284676,71.93561280034241,40.147555066587195,99.38549213005868,84.00920478952622,,Remember crime condition.
261,Dr. Christopher Strong,16,Male,76.51174202427009,77.81252489974865,74.18194521696944,68.33865704956784,72.05743311362055,,Explain my available happen set southern.
401,Samantha Scott,17,Male,97.26357953275959,78.09760273546199,38.57037288512587,95.86087500799519,52.92066288295316,,Food environmental believe church single remain bit.
309,Melanie Clark,19,m,82.42708776014055,63.99431240824937,51.60891203612367,35.150640613812904,76.0661617374597,,Skill upon open figure.
399,Donald Watts,18,F,61.4168947367418,45.326043646466104,99.18911925884535,62.45499394197988,61.29164984476887,,Discuss president table agency cost necessary.
449,Morgan Barnes,15,Female,64.63375427121031,83.2853240397239,41.699240802985486,65.43001918456697,46.71283699294743,,Strong seek method rest.
106,Deborah Chavez,19,f,83.48272896546268,49.70035264880816,63.20352769343497,81.64218810755364,64.16586390773512,,Blood watch serve forward.
457,Joseph Smith,19,f,93.60486010964875,-12.503308309850993,55.226447395124325,41.49134337385158,88.35067195706998,,Old lose important game way.
381,Steven White,16,Female,81.00126003441073,66.54459618884017,41.62240193913368,47.28756910728956,89.03513868200926,,Though hospital structure protect season media say live.
220,Jasmine Bailey,15,Male,88.80810326529183,54.073677600089724,44.68893963994866,89.50569896868383,47.79648233607647,,Seem court build art skill.
304,Sierra Thompson,19,m,78.20574740144625,93.56400611390852,98.56855882672298,86.5706109298476,87.09170937753281,,School involve single age use no.
210,,18,m,96.02289204945544,71.93469932957794,64.06183635706272,74.44702720250045,85.22978203415312,,Keep small investment data.
284,Kevin Cochran,18,f,99.22307200719953,68.60172850246954,48.769731406685935,76.61289025137555,54.85060438842471,unknown,Wear television someone attack place yourself college worry.
42,Jennifer Marsh,15,Male,88.56256328894457,80.82739758155952,47.0434577883407,63.940997298511235,58.11500200465011,,
93,Hailey Mccall,17,Female,84.31577575177035,49.83996885936983,84.77394471947565,45.73825605696026,76.183858370231,,Expert never take behavior big nice.
116,Meghan Brooks,200,m,68.80388856324389,52.21469682053456,36.65081892946132,70.72293768693933,78.12661873957136,,Building exist then adult find although better mouth.
163,Annette Moses,19,m,82.26886339133465,75.92283880600645,86.8226551805997,59.05340175382659,67.60014373484793,,A right paper win group.
234,Thomas Thompson,18,Male,74.15485506244998,76.03657255277417,74.62872851291608,88.08920045776932,134.27896584765858,,Something pull recognize very home rate.
162,Douglas Henderson,15,Female,95.49841930054012,75.30475800043632,69.0629627604277,35.80013069604491,92.76979424368758,,More account forward seat truth.
199,Benjamin Cisneros,19,m,78.84261810775257,81.29247195199574,41.68195824984096,44.55902028682824,56.286314658052014,,Data law any something decide.
494,Daniel Black,15,M,69.20214732125736,57.84130289421033,74.45623741368031,92.151582465015,91.77834393921776,,
363,Michael Jones,18,f,99.56739639253436,80.55047470524255,56.03528675418054,76.41090441025882,77.64919430705676,,White difficult important how remain than western.
313,Christina Ramirez,16,m,77.64128646992646,47.393359250329965,31.54246122082529,39.48692015771022,94.88386689739022,,Lose skill move door ground.
332,Brandi Wells,16,M,62.107353439089145,78.7963548053716,36.82937571675098,41.561177998538895,48.63651481433385,,Truth last hour page grow account vote about.
44,Mackenzie Adams,16,Female,90.18541167440466,98.48199111224139,86.74801495903864,76.57436147654931,61.25606589046279,,Quality hope phone and forward skin idea.
453,Joyce Powell,19,Female,65.13794872372766,59.351678670784906,35.39546083660225,78.34633293580991,84.80659837202307,,Receive allow student reflect stuff foreign own challenge.
321,Mary Martin,16,F,77.07268226619458,65.47164551178172,58.278451342858375,60.941512224792,51.38891817832936,FEMALE,Citizen institution usually people.
24,Tara Wells,15,Female,62.66476449563268,94.71016209759466,70.75037608459806,49.314644589525486,98.89919943114687,,Marriage must pretty.
246,Scott Castro,17,M,75.86597492208217,45.42890171722304,79.01763716111647,93.95128257426421,58.71904121958511,,Hit allow vote age member show its behavior.
405,,18,M,60.20328559272104,65.36134680377137,98.58477204981654,71.7008883148221,59.9820923083239,,Expect bar between line civil.
203,Mr. Nicholas Neal PhD,15,m,89.66747776914661,41.04278741112878,91.19837294271665,59.075804107894925,64.34507011690366,,Short join property medical minute have.
47,Ronald Robinson,16,F,75.15286262227663,85.42355605667339,57.467560506993216,50.221989043006566,114.25740356791158,,Central strategy message national.
168,Samantha Porter,17,f,92.27400595850344,66.52146242697145,91.58715401593571,45.76584255683725,86.4343733062399,,Everything key prevent improve way.
290,William Murphy,18,Male,61.76661750840401,89.34360512902349,54.214431325118596,98.14964775538826,64.69932762740214,,Yeah scientist church spend your its authority.
358,Douglas Hinton,19,Male,83.54216915892982,77.9209291612251,36.590633708798855,81.7864444680546,40.400927753433265,,More notice treatment me growth fear heart.
280,Anthony Ochoa,17,Female,85.55797541337047,46.535100510803886,98.23842569467783,65.97141994558902,96.11782591271967,,Skill sense view admit middle.
376,George Howard,17,M,92.030787485195,75.7450436913374,43.70885688108432,88.54557585657574,59.62267864910906,,
454,Heather Ford,19,M,71.33371793062327,41.37362949856721,-19.750927990465055,88.51511293834666,148.10941436246043,,Test decade specific fill low eight view technology.
469,Tyler Buchanan,15,m,62.31681842235193,89.5120460449341,30.013187968960732,82.1156724554761,87.18146398368889,,Start attack gun student discover history.
338,Katie Richard,18,F,75.93149535902542,55.33869986855634,37.835514891507124,66.08689247268953,81.74784865932669,,Federal reach day state reduce image soon.
283,Kevin Fowler,15,F,85.48926319157948,54.7641795278799,89.1352605400215,35.20591015774561,77.67960295624589,,Set front it party course bar more.
262,,17,Male,88.19702198755812,76.58990832992167,33.48894194480591,41.08870734588416,72.44407402798626,,City important nearly music.
344,Shane Palmer,18,Female,78.69243066150611,85.99936811202436,91.04949900157337,61.084891574281286,62.39558886776554,,Glass walk medical operation.
417,Kim Alvarado,16,f,82.85275767678297,54.619402963832,94.27455997359426,52.48292205370009,65.64973902140555,,Peace mission human performance million suggest make.
326,Michelle Edwards,15,F,60.009500943035384,46.73826066467315,45.83029361129585,54.89892715717356,76.32896015286428,,Many democratic west affect.
158,John Dean,19,M,80.22031516424136,58.728883401786824,70.4020948301285,72.65231299833425,41.968577447716505,,Situation foot attention evidence foreign particular other.
142,Carolyn Mack,19,F,90.61425124264963,86.56001242212577,67.76893543468536,94.15875139083872,65.65010987968671,,Single different agreement traditional eat education.
156,Alexis Nicholson,15,M,70.15554256173218,45.715690477277576,40.609856011137154,59.97557530892979,57.74168044249625,,Understand individual race all.
222,Christopher Woods,15,m,65.60074154641796,55.31839148370591,66.4207603843058,88.74297329676723,86.84391119205407,,Woman drop property.
135,Jeremy Strickland,17,Male,83.49814416936297,99.52799898044034,82.37343341852983,99.43210973768616,97.37920560325165,,
475,John Berg,17,Female,85.9029457360763,44.797923661558116,39.019409840017836,52.3714209365837,94.21350660595182,,How front speech rock develop enough opportunity inside.
258,Ryan Osborn,19,F,78.96949234801478,57.812156473616845,60.46262794787498,37.239981862625,73.53883804598644,,Not sit reveal expert process marriage win.
322,David Richardson,16,f,95.06661511449798,45.22233775525952,-30.859566463562857,82.00471662020092,74.93099380555539,,Long center black imagine red process lay win.
237,Blake Lewis,15,Female,63.61347842310431,80.01829101945444,78.01378897349046,82.74756500289186,48.530226802233734,,Over but clear main future.
12,Kelsey Perkins,17,M,83.53226703180226,73.76501718060297,58.335890035963985,57.126379817721705,71.84424131721015,,First have candidate industry.
489,Karen Garner,18,Female,81.08096384847448,51.50694733551163,98.72590852824393,76.7208973255981,83.31575365094076,,Lot line conference.
485,Dr. Sean Logan Jr.,15,M,78.74157667074337,76.1531898305719,98.094342602446,56.586458750553874,40.79506201023463,male,Realize practice appear floor.
67,Jacob Martin,16,f,96.47409635371858,59.32568213316012,37.398543593439186,64.08542918595975,97.18120127073395,,Soldier between within agent.
206,Michael Carter,17,Male,68.72092429976345,74.80673378172808,37.289615054420125,63.86830135577385,72.54826020775937,,South participant increase culture artist.
468,Mark Estrada,17,F,78.94295553740355,97.16785165607766,91.19587068968461,52.333887783028544,88.55946389711573,,Example field million around step blood.
6,Abigail Elliott,16,Male,93.0053070677119,59.244564426287646,45.45618408499474,82.46599956085949,68.40405288969475,,Fish country moment knowledge section.
226,Amanda Sanders,15,M,70.0292264224639,41.050959451723735,46.5100319400581,79.03017589871659,66.92881874479636,,Figure work debate just late court among item.
95,Shawn Patterson,15,M,89.76998607373156,83.4895935924435,98.31935947191548,82.4409200751511,87.06525148020506,,
43,Ashlee Holmes,18,F,79.75925948523451,63.73270503279812,75.61974535376778,86.27214715384838,85.66529836143253,,Care camera better up store.
337,David Little,15,M,70.86747884276016,73.39822347620304,85.08790944423664,50.74502915859685,65.82248498144759,,Type describe certainly camera.
241,Kevin Thornton,17,m,77.48773585428974,76.29723536143246,96.52189270514143,64.99395827267531,47.132463470624316,,Apply wrong environmental official individual else.
243,Joseph Rodriguez,15,f,88.86131444487623,91.98632005165872,69.58849754450083,44.61896957877926,80.26331703159487,,Subject else begin model.
353,Phillip Newton,15,f,75.66520562161423,58.73630716292776,96.2646567939725,37.188496583901724,47.02396248545012,,Economy decide everything recognize music somebody these.
146,James Wilson,18,F,90.12984882989804,62.37091823133606,36.43096213970313,88.0870081663054,65.806172591788,,Hotel Democrat computer car.
428,James Maldonado,19,Female,69.54760125204069,53.64143800576593,47.10379585505263,85.10074018715218,78.27725576108432,,
481,Timothy Stone,15,Male,92.75142573428374,56.665157424955666,31.90225112635909,59.8677210320913,93.06259282137827,,Individual leader also administration once long pull.
462,Mr. Steven Jackson,16,m,66.95013901230267,58.823661471645764,93.25254910427566,81.10989286068042,55.29293493489294,,Large nor out stage medical person.
121,Steven Mccarty,16,Male,82.29221475560192,90.77471752114296,49.16539152598746,61.82389619542078,56.532876353169,,Try support interview east along.
9,,17,Female,85.35034254880709,52.02154861292276,89.3611119674581,92.02056471554303,74.93252558609387,,Strong know thus add poor rock.
334,Amy Martin,19,f,61.503870928250436,61.64635114663599,62.21135851419078,79.31366186586048,50.326636169366665,,Pretty rule large story floor his form.
260,Bryan Bishop,16,f,74.06160644536875,59.70287367310486,79.42133053648172,96.69228930081363,82.37159097780152,,Money we baby too truth week down.
69,Christopher Stone,18,M,64.03178412063546,52.05154539173765,61.02911612105328,73.4063836826177,53.147048768196306,,Lay couple watch.
141,Shirley Franco,15,m,79.88047795284996,54.14752563755259,48.85319088114176,60.958968645654906,73.79947852198279,,Yet strategy none level check none.
151,Jessica Lopez,15,m,99.15725742463844,45.84360355321313,58.939151450668305,40.044951907543656,89.38964984253155,,Sport decision amount her oil.
500,Sarah Wilson,15,f,96.38098043791274,50.66598327107489,33.228649503501366,48.46116968147713,64.85205553430981,,No or site glass discussion.
372,Mark King,18,f,75.36362445964998,94.33148753978043,83.0237319352592,81.84258444340236,52.88007183835221,,Let several everybody early central.
188,Paul Page,15,M,93.22618026260999,42.05126595634949,65.14351494419131,98.18164167227843,43.11405661523854,,Subject change day better they.
149,Ann Hampton,16,Female,81.06313866637174,44.147967171197166,40.547327539691416,90.36968039680659,64.0565057483828,,Example change eat door baby she modern.
242,Regina Leblanc,15,f,96.62054709167657,65.61672949060211,44.20554573024315,82.50317186626756,85.88314848857675,,Cover step fear.
48,Timothy Mcintosh,19,Female,78.28000877126713,97.15891828232301,96.93555334542638,86.1387717850384,95.71961722089297,,Issue kid receive least area raise.
211,Glen Hunter,17,F,87.64887430438617,47.54449070839893,71.95582759640537,44.852979036542195,41.24028213351427,,Respond yeah stage car blood.
484,Emily Leonard,19,f,66.35753133107026,41.061268576795435,79.53818284314332,63.307995655692395,64.87096388900753,FEMALE,Court on trial time area gun.
171,Michael Gomez,15,m,65.64327395110854,80.16342408756168,81.96436354007565,84.523943308607,70.9395643513872,,Fish religious group recognize suddenly role past.
394,Jennifer Shaw,15,M,75.64679064321518,61.77665631075952,97.74291139723722,71.72398324889147,41.77024330871235,,Blood relationship guess hair side until collection.
21,Matthew Livingston,16,m,74.21449807273584,41.071713548699165,39.366261539564206,72.26770746628917,90.8316663420149,,Hope office have turn.
281,Aaron Hernandez,16,Female,90.36143382155399,48.93951135821168,55.984496572299875,99.74799172656367,91.04081563629077,X,Life spring miss fire middle natural leave.
295,Daniel Williams,18,f,72.5141942602235,79.28158488588089,81.2714112286663,36.9857147110697,54.827893279683515,,Few affect wish lawyer lead perform hit available.
75,Robert Patterson MD,19,Female,91.60338548496347,47.45319800368356,37.37572737669642,53.519021399512454,40.85140296374603,,Usually figure other experience nearly.
460,Todd Payne,17,Male,90.14795336202077,74.5098010297975,58.58144399316158,94.21946567987993,66.59839057103052,,Eye movement today instead usually.
78,,18,Female,90.84986674078952,76.99627491174844,57.13166620379387,49.20313923301847,61.3024633871175,,Determine stand upon.
423,Christopher Blevins,16,f,94.72643216206188,76.50918475958747,51.98425564949124,60.0328077936625,91.58943012347655,,Relate sound identify read style move man.
181,John Miller,15,f,88.15784540554037,72.01071551798174,30.772212998372606,90.06406683009604,61.7305752879237,,Few sit with floor behavior special.
323,Kenneth Conway,16,F,76.70024336111568,88.94491861025685,85.41899919173461,53.22173995144886,52.26643443697281,,Lay term ok thus involve.
474,,19,F,77.83833228041286,53.95308150192281,56.712835790704005,64.56972781799317,59.11653776581643,,Us seat protect everyone computer strong.
191,Dawn Young,16,Male,74.51031578663782,53.867854745658796,75.0355625938249,69.57432592407713,83.90348419385278,,Appear movement get role where child partner.
395,Michael Wilson,19,m,70.9183749942526,99.72882944225543,89.98117552525659,91.32561881369065,61.35826194930366,,
393,Jorge Ryan,19,F,78.2972839109483,62.70858540915214,85.90152906679259,43.445445094820585,94.691277599519,,Him dark international red.
202,Aaron Tate,17,M,80.49830623527686,81.15806415897904,58.16289872805892,89.3062153648513,99.97263512314566,,Research issue simply task oil hear matter.
118,Joan Ashley,17,Female,80.60694729627251,50.45160019469522,68.50643583207092,61.2755824268736,41.95707690049399,,Participant when huge.
398,Gary Martin,17,F,94.0877413338803,74.82850040300048,52.37667827083813,96.29394809304276,94.67009711080475,,Level politics factor by effect notice.
50,Evelyn Anderson,18,m,80.09153389850121,83.45711848758472,37.15046707602767,52.07391676891236,72.81157845850757,,Through prove view American describe.
439,Leslie Jones,18,F,69.14500646099694,-1.355263366123534,81.6648386336962,86.75563871158553,75.41395954905357,X,Choose able paper writer.
274,Kelly Nelson,18,m,91.60054235167425,70.0267185478445,49.79219827051334,93.1394161935751,77.50175116511235,,Simply participant realize word series special score.
229,Bailey Patton,17,F,82.93177512717602,91.8765301573022,86.09568410736634,70.41379774043713,45.89409953134483,,Investment actually reason TV.
139,Lauren Wright,150,Female,81.37823565028988,67.94876842121491,52.404188276468844,64.17544965885604,65.88283892644448,,Voice cell build development notice.
413,Henry Neal,19,f,62.4606810495694,98.44987771768093,56.53189883533682,53.09856153627825,55.20143020357968,,Yourself quality clear real fill stuff.
136,Collin Collins,17,Female,71.76178716883886,-10.323756109133143,69.0469257857749,88.30082089275814,48.89067569379673,,The certain while.
123,Kyle Hart,19,Female,81.40278875734634,84.12101791994516,77.31875929104487,77.01925585809946,99.54653736248673,,How enjoy part hot agree behind.
194,Jeremy Bridges,16,M,98.9818906079548,53.4820706183608,39.647602941146474,48.576164595873095,85.54413635550254,,Particular rise hour claim special specific.
412,Andrea Taylor,16,Female,99.65901340580193,47.18974012105878,44.682706337857695,46.88247038269853,70.81666279265947,,Seem positive watch eat foot message sometimes.
331,Lucas Valentine,17,M,60.37941734513992,87.62463102283098,45.12633172297153,35.39576863558954,81.38673095488727,,Six white determine us value boy type operation.
371,Ryan Rivas,16,M,61.87781428591252,60.233627965325226,54.966968189923534,94.59145989565178,84.36449378987871,unknown,Condition arrive how ten.
90,Paul Combs,17,f,73.28585650619756,87.02995320513172,35.783236442148805,37.91548192153196,97.61006708372472,,
59,Jeffery Clark,18,F,83.96117459109306,86.54828414757736,87.75925371500927,74.26465900962924,99.69888215950559,,Us amount choose write prove often.
279,Joseph Alvarado,17,M,90.33569655782726,88.82597729917518,85.09886218211228,87.428307251208,58.7717896513078,,Management next season hear thought boy image.
166,Tammy Ramirez,16,Male,99.54915127821772,54.08044229569306,49.45314680742075,69.17781892676604,42.8584754461904,,
306,Derek Woods,18,Male,85.78186602503288,74.85592319576787,80.76090092857804,48.042316131244476,46.971457391526755,,Find least everybody left our play.
214,Jeremy Little,16,M,81.18646714620324,96.3891875156105,52.54756029604299,85.28002794974665,56.1308045471706,,Family until key because field.
388,,16,f,84.91749531740474,80.80791586620708,32.33685212504668,57.12409850987457,82.05205815168591,,Policy today black type specific dark participant budget.
244,Rita Sexton,17,Male,84.4161866803183,99.6002162415177,98.57527005237185,90.41625582360098,66.11945328731417,,Walk television accept teacher newspaper nor ball down.
271,Elizabeth Sandoval,17,Male,72.58386227237644,50.10666310856318,94.58361406614527,94.71775618941453,92.76046121059169,,Yet consider control make.
84,Katie Cooke,19,f,96.42744793022852,87.00536355649689,54.838895217982326,88.18343346863608,91.25331438045208,,Ask movement attorney seven.
130,Jasmine Hoffman,19,m,73.97547996197332,63.73091019094092,48.09021342042727,46.170151286261145,98.46233432075545,,Among sometimes protect owner change middle.
364,Brandon Martinez,19,Male,200.0,66.56301800677163,61.61877734621779,69.20809992198318,63.13681077193888,,South base call social continue fly.
410,William Aguilar,18,f,64.37875440217816,68.49319261037311,32.055491137167465,51.52503994366521,87.20617020142764,,Know type different third quite red society reach.
107,Christopher Henry,17,m,120.0,41.251668357492285,37.9769644300022,88.92319119624128,93.67856785465807,,Benefit certainly girl.
114,Christopher Curry,17,m,91.2198283018435,53.2336674953394,37.75655735258649,40.99851148476172,70.76321486875769,,Bed suffer mention cell.
29,Annette Duncan,18,Female,89.22196547237206,75.89963590734561,88.40123561683373,91.45584791081876,88.59161124163518,,Nature gun already teacher in.
463,Valerie Joyce,19,Male,90.83416434163959,76.38225666600253,46.293420297090215,96.67498712902348,84.55184997042528,,Market include its thousand avoid entire generation.
165,Angela Romero,17,f,92.2125986943162,54.22167142650017,91.7015545772515,60.54332464744393,113.19079764821967,,Evening management guy cultural why either.
101,Frederick Mcknight,18,M,94.54072562451827,68.2109555617999,97.18785626531503,81.6978999382178,50.67328744294141,,
427,Jose Smith,15,Male,73.36035514980952,47.05894170841351,66.7804438781985,76.23756944362793,92.4233752109335,,Point rich father professional already produce bar.
415,Antonio Johnson,15,f,80.64316081774467,84.23081350043458,53.57883513027723,78.94703504193672,57.48974445542338,,Over old drug skill the recent.
15,Sarah Reed,18,M,88.55129819421305,49.55474429675587,66.7853235378048,69.53557383692385,73.67761257690417,,Agency check would since including if somebody walk.
396,Elizabeth Brown,19,f,79.06707313321473,-6.751155497452157,38.23507917115276,72.16759563446499,40.948791773977725,,Radio modern billion role.
403,Kelly Silva,15,f,71.25563842310108,50.228676290435054,52.61078388703497,42.541474287631004,75.68819288066737,,Us increase certain.
87,Terri Castaneda,15,m,66.6208204146916,79.64920709795504,88.1374119483388,72.36067102718698,53.92238973406636,,Recently magazine stop total strong resource professional know.
478,Lawrence Evans,15,M,62.62504578296052,75.65744503370648,63.534904417234586,90.71342139065834,60.93340450250942,,Cup pick under which.
100,Tyler Poole,15,f,76.5801833681451,59.74104626887973,34.847801440010194,54.28729667176585,88.48475694134979,,Debate have purpose country arm watch.
487,Kathleen Conway,15,f,64.08774478774876,63.18765046954883,78.95207625883427,83.03672625621732,67.5513540239537,male,Everyone method sport bed administration everything.
433,Christopher Moreno,18,f,95.265485310814,70.5834548051019,93.37519119945092,62.026837544684255,87.03924152136133,FEMALE,Whether long ready apply garden.
287,,18,m,87.727008458277,-20.555140740145355,33.255041050804586,55.27344020027823,41.187739500835264,,Close owner turn maybe could goal.
267,Shelly Young,18,M,60.09357562503113,72.74121330972841,34.00961757543364,68.95886945135518,97.69080033898508,,Show himself not glass fine.
447,Jodi Choi,17,Female,73.05734306013171,80.4582283845429,30.2671993887043,38.39291088792316,64.52663567374792,,Friend herself success such.
235,Lauren Mitchell,15,Male,98.34508709252881,96.45252138028388,64.73164688792536,48.47508520719127,41.851474258484345,,Sound specific task fine.
355,David Barnes,16,Male,98.256627902377,52.371169871105586,82.5510654899543,62.047892824621,76.73548904571068,,Military around operation girl word with doctor.
348,Jeffrey Donovan,15,Female,83.56434137883579,54.114135088119085,31.25619749979443,36.43174987954811,75.01341803948911,,Center think various nearly.
53,David Thomas,18,m,76.35820708341973,46.16754426955994,86.62184231454296,98.94962033560346,73.65246780175706,,Already chair series tell sport take.
414,Tyler Marquez,18,Male,95.31625076549845,41.201581355549465,98.14201729833212,43.42404232770373,99.25957554047511,,Any administration career account heart television sport.
467,Bradley Miller,16,F,88.34288018410518,59.05188687260422,75.55379832911231,93.89428256961375,52.96360697468599,,Network wall tonight still operation experience.
86,Tammy Cowan,15,m,69.43624138380325,69.06390685444244,68.47312306032471,92.1910740284754,58.599996230307354,,Time wide film theory job woman.
362,,18,F,96.14895868701082,75.82281501374149,85.88409317570299,71.05272762228121,43.02933666474448,,Reason choose buy staff.
182,Chad Miller,17,M,96.42496014161216,86.90741979070177,82.46818391282218,69.52054741754078,83.38769643295325,,Development through animal career radio fast discussion.
404,Sara Harding,19,m,70.10596375843541,64.56867118031224,99.79547099571631,37.74896369947428,62.33202350951316,,Nothing nothing reflect page career call way.
328,Richard Robertson,19,Male,200.0,78.27911234759786,60.0041382879333,76.08583891790575,84.4096821256878,,Leg beat matter skill choice phone.
320,Matthew Price,17,Female,120.0,95.06514935028264,45.918664710296525,41.786268433625295,73.3297254463516,,Over particular decision.
227,Dominique Taylor,16,F,85.3239225342979,-20.630108651676217,55.99954013111321,50.27741896224863,49.54150022441568,,Civil during student get huge quickly exist.
137,Jasmine Wagner,18,F,-10.0,61.54906177997389,42.64162187227106,80.16735428893735,80.7729956280345,,
282,Donald Gomez,19,m,88.96413317092555,71.59742783613757,60.02208152027271,38.86565197637325,98.91434188459235,,Sell sing any effect anything.
37,Emily Miller,17,F,90.0961248015529,75.41583633313735,64.95336844850328,43.939045363106004,95.83640829079222,,Daughter great interesting reflect.
